-0.779794;0.109616;0.0462009;-0.792706;-0.754115;0.281298;-0.775672;0.0885693;0.180975;-0.824805;0.256589;-0.771464;0.0774519;0.189416;-0.926348;0.15151;-0.656388;-0.822288;
-0.660501;-0.0583849;0.431716;-0.859628;-0.817148;0.498185;-0.816015;-0.0578916;0.286295;-0.643255;0.336866;-0.75323;0.140573;0.384086;-1.0273;0.631178;-1.32416;-0.0143283;
-0.641014;-0.0847317;0.460811;-0.93447;-0.797123;0.410195;-0.814087;-0.0912806;0.302084;-0.632939;0.27182;-0.707502;0.140934;0.384714;-1.02785;0.660804;-1.36132;0.0169073;
-0.630805;-0.102576;0.469048;-0.999562;-0.781793;0.329181;-0.81729;-0.114476;0.308614;-0.629604;0.206299;-0.674521;0.141307;0.384932;-1.02798;0.676157;-1.36989;0.0109353;
-0.626585;-0.116703;0.466917;-1.05872;-0.771693;0.258702;-0.824079;-0.136662;0.313503;-0.629935;0.146714;-0.65518;0.141539;0.385345;-1.02823;0.696067;-1.38618;0.00782126;
-0.627783;-0.128429;0.457396;-1.11451;-0.765442;0.195734;-0.836513;-0.156978;0.316486;-0.630209;0.0890591;-0.647424;0.141714;0.38569;-1.0284;0.721275;-1.40271;0.00490499;
-0.63422;-0.138344;0.441987;-1.17044;-0.762644;0.139733;-0.850748;-0.176164;0.316456;-0.636046;0.0301046;-0.647725;0.141843;0.386252;-1.02868;0.748592;-1.41732;-0.000278902;
-0.645564;-0.146983;0.424245;-1.22708;-0.763045;0.0914652;-0.868381;-0.197602;0.312974;-0.64396;-0.0270247;-0.655735;0.141952;0.386916;-1.02899;0.77277;-1.43139;-0.00223792;
-0.662314;-0.15422;0.404313;-1.28608;-0.766472;0.0504303;-0.888425;-0.220454;0.305499;-0.657365;-0.0864134;-0.669938;0.142046;0.38761;-1.02928;0.796913;-1.44803;-0.00595325;
-0.68509;-0.159917;0.381875;-1.34794;-0.772837;0.0153679;-0.910099;-0.247916;0.295079;-0.677881;-0.147108;-0.691835;0.142128;0.388234;-1.02951;0.82805;-1.4729;-0.00448674;
-0.713276;-0.163573;0.357952;-1.41418;-0.782173;-0.0153151;-0.9377;-0.279901;0.279614;-0.701064;-0.211689;-0.720701;0.142207;0.388911;-1.02973;0.860438;-1.49802;-0.00763283;
-0.748496;-0.165018;0.330193;-1.48597;-0.794562;-0.0429661;-0.969298;-0.317053;0.258041;-0.73112;-0.281636;-0.756205;0.142275;0.389537;-1.0299;0.893004;-1.51816;-0.00678782;
-0.790183;-0.163253;0.302076;-1.5658;-0.810118;-0.0680472;-1.00811;-0.365471;0.228713;-0.765795;-0.352562;-0.798779;0.142326;0.390043;-1.03002;0.939097;-1.54396;-0.00181694;
-0.841228;-0.159937;0.273749;-1.65878;-0.829055;-0.0911794;-1.05679;-0.427743;0.188278;-0.806337;-0.427463;-0.847987;0.142358;0.390458;-1.03012;0.997118;-1.57233;0.000572862;
-0.903721;-0.157104;0.242111;-1.77242;-0.852411;-0.117241;-1.11633;-0.512002;0.135728;-0.857349;-0.507301;-0.905425;0.142373;0.390846;-1.0302;1.07192;-1.60803;-0.000872468;
-0.982203;-0.160434;0.206021;-1.91151;-0.881077;-0.148939;-1.19249;-0.627557;0.0682479;-0.918994;-0.592197;-0.975574;0.142372;0.391229;-1.03028;1.1742;-1.6547;-0.00153433;
-1.0797;-0.176342;0.164749;-2.07993;-0.916743;-0.191278;-1.28946;-0.78178;-0.0154477;-0.993282;-0.687152;-1.05743;0.142361;0.391581;-1.03035;1.31399;-1.71613;-0.000357601;
-1.19564;-0.211833;0.114743;-2.27189;-0.959901;-0.246253;-1.40794;-0.973948;-0.114557;-1.08123;-0.79288;-1.15148;0.142345;0.392064;-1.03042;1.50027;-1.79251;-0.01266;
-1.32351;-0.26959;0.0580833;-2.46342;-1.00702;-0.308515;-1.54584;-1.18194;-0.221418;-1.1787;-0.902692;-1.25809;0.142327;0.393229;-1.03051;1.73233;-1.89688;-0.0441124;
-1.45249;-0.342708;-0.00715985;-2.63718;-1.05425;-0.375023;-1.69658;-1.38241;-0.324429;-1.2827;-1.0161;-1.37824;0.142258;0.395813;-1.03078;1.99137;-2.03987;-0.098135;
-1.57653;-0.423526;-0.0817665;-2.78387;-1.09898;-0.442173;-1.85063;-1.56559;-0.415992;-1.3931;-1.12922;-1.51361;0.141934;0.400596;-1.03159;2.26107;-2.23246;-0.17143;
-1.69337;-0.507286;-0.164565;-2.90026;-1.13994;-0.507687;-2.00567;-1.73324;-0.494666;-1.50831;-1.23786;-1.66519;0.141131;0.408805;-1.03363;2.53925;-2.47574;-0.263018;
-1.80285;-0.590409;-0.258713;-2.9953;-1.17879;-0.577244;-2.15749;-1.89465;-0.556999;-1.62956;-1.34284;-1.83442;0.139544;0.422448;-1.0381;2.83239;-2.77079;-0.365165;
-1.90677;-0.674112;-0.364145;-3.08014;-1.21745;-0.65713;-2.31097;-2.05973;-0.610881;-1.75648;-1.44771;-2.01846;0.137205;0.444989;-1.04595;3.15409;-3.10538;-0.48796;
-2.01117;-0.766343;-0.493378;-3.14896;-1.25593;-0.742663;-2.46788;-2.22885;-0.651659;-1.89358;-1.54795;-2.22487;0.133431;0.48384;-1.06183;3.514;-3.50145;-0.622477;
-2.1114;-0.86523;-0.647196;-3.22265;-1.29909;-0.841712;-2.63463;-2.42409;-0.68522;-2.03836;-1.6441;-2.45727;0.128474;0.55765;-1.09362;3.95239;-3.953;-0.789176;
-2.21164;-0.980424;-0.872768;-3.29872;-1.35418;-0.975948;-2.8176;-2.65581;-0.710449;-2.21059;-1.75107;-2.74412;0.115018;0.705677;-1.17256;4.48509;-4.52624;-1.03926;
-2.30095;-1.1736;-1.14541;-3.36893;-1.4174;-1.25362;-3.04808;-2.92336;-0.752938;-2.38668;-1.88938;-3.09759;0.122802;0.896427;-1.30386;5.12778;-5.18503;-1.47727;
-2.39366;-1.57407;-1.42194;-3.32542;-1.4386;-1.62238;-3.30384;-3.16648;-0.808974;-2.52775;-1.98609;-3.4744;0.237764;0.972761;-1.44178;5.76337;-5.81265;-2.0072;
-2.46399;-1.89735;-1.80615;-3.21098;-1.44759;-1.81382;-3.45867;-3.3421;-0.812218;-2.6243;-1.96547;-3.78774;0.317112;1.10053;-1.67731;6.27359;-6.4022;-2.49597;
-2.49642;-2.05919;-2.15416;-3.16031;-1.47765;-1.90036;-3.53779;-3.46192;-0.785554;-2.67669;-1.90935;-4.00901;0.351286;1.28411;-1.93607;6.67794;-6.89841;-2.88283;
-2.50927;-2.13397;-2.41067;-3.15066;-1.51412;-1.94331;-3.58309;-3.54244;-0.758167;-2.70327;-1.8573;-4.15299;0.376094;1.44754;-2.13069;6.99007;-7.25955;-3.16476;
-2.51573;-2.18184;-2.61087;-3.15158;-1.55067;-1.96987;-3.61277;-3.60368;-0.727172;-2.71883;-1.80844;-4.26716;0.382675;1.58086;-2.31815;7.25285;-7.58004;-3.39985;
-2.5185;-2.21385;-2.79398;-3.15782;-1.5859;-2.00108;-3.63347;-3.65278;-0.695532;-2.73199;-1.76696;-4.36373;0.374847;1.68676;-2.49551;7.47799;-7.87372;-3.60605;
-2.5195;-2.23373;-2.94608;-3.16605;-1.61795;-2.01686;-3.65028;-3.6931;-0.670071;-2.74088;-1.73167;-4.43799;0.379046;1.78449;-2.62876;7.67706;-8.10651;-3.77447;
-2.51944;-2.24971;-3.04829;-3.17337;-1.64357;-2.02546;-3.66612;-3.72723;-0.651163;-2.74425;-1.69924;-4.49716;0.398107;1.87651;-2.72554;7.8522;-8.29192;-3.91996;
-2.51946;-2.26269;-3.14284;-3.18202;-1.66771;-2.03492;-3.67652;-3.75539;-0.628858;-2.74772;-1.67073;-4.55155;0.398026;1.94624;-2.83503;8.00433;-8.47878;-4.05348;
-2.51951;-2.27396;-3.23057;-3.19034;-1.68908;-2.05291;-3.68536;-3.78058;-0.607533;-2.75099;-1.64516;-4.6007;0.397361;2.00854;-2.93537;8.14653;-8.65242;-4.17791;
-2.51966;-2.28415;-3.30976;-3.19855;-1.70994;-2.0652;-3.69542;-3.80569;-0.589086;-2.75039;-1.61738;-4.64235;0.412352;2.0821;-3.01522;8.29685;-8.80261;-4.28931;
-2.52028;-2.29298;-3.38759;-3.20698;-1.72938;-2.08058;-3.70397;-3.82834;-0.570842;-2.75207;-1.59409;-4.68387;0.419713;2.14392;-3.09745;8.43212;-8.95373;-4.40115;
-2.51943;-2.30144;-3.45036;-3.21362;-1.74806;-2.08535;-3.71163;-3.85011;-0.552233;-2.74369;-1.56121;-4.71235;0.44052;2.22049;-3.16438;8.58783;-9.07518;-4.48439;
-2.51972;-2.30856;-3.53386;-3.22017;-1.76509;-2.11191;-3.71541;-3.86804;-0.530887;-2.74031;-1.53524;-4.7416;0.442491;2.27689;-3.24312;8.72608;-9.20262;-4.56349;
-2.51998;-2.31483;-3.6086;-3.22636;-1.78096;-2.1323;-3.72147;-3.88633;-0.513752;-2.73705;-1.51086;-4.77046;0.45452;2.33593;-3.30763;8.85881;-9.32209;-4.6476;
-2.52095;-2.32059;-3.70185;-3.23375;-1.79644;-2.17175;-3.72638;-3.90352;-0.496104;-2.73616;-1.48948;-4.79718;0.464053;2.39283;-3.37043;8.99082;-9.43627;-4.72483;
-2.52052;-2.32637;-3.75699;-3.23938;-1.81179;-2.17331;-3.73146;-3.92109;-0.478926;-2.72308;-1.4556;-4.81268;0.48968;2.46587;-3.41725;9.142;-9.52915;-4.78218;
-2.52114;-2.33111;-3.83744;-3.24621;-1.82679;-2.1944;-3.73654;-3.93787;-0.46311;-2.71323;-1.42761;-4.82626;0.514035;2.53422;-3.4601;9.29004;-9.61065;-4.83213;
-2.52201;-2.33479;-3.89959;-3.25334;-1.84077;-2.19704;-3.74246;-3.95334;-0.450438;-2.70632;-1.40369;-4.84246;0.534658;2.59261;-3.50139;9.41615;-9.69535;-4.89038;
-2.52413;-2.33782;-3.95886;-3.26014;-1.85095;-2.21642;-3.74797;-3.96585;-0.441068;-2.70993;-1.39434;-4.86696;0.541423;2.62713;-3.54549;9.50137;-9.78677;-4.96245;
-2.52497;-2.3412;-3.99878;-3.26598;-1.86159;-2.21641;-3.7522;-3.97822;-0.429563;-2.70347;-1.37393;-4.88177;0.558201;2.67537;-3.58318;9.60427;-9.8617;-5.01599;
-2.5269;-2.34412;-4.0522;-3.27316;-1.87177;-2.23042;-3.75776;-3.98994;-0.42061;-2.70472;-1.36268;-4.90316;0.570083;2.71334;-3.62265;9.69091;-9.94731;-5.08092;
-2.52846;-2.34708;-4.11097;-3.27996;-1.88199;-2.24911;-3.75889;-4.00027;-0.40608;-2.70266;-1.34776;-4.91967;0.578414;2.7539;-3.66707;9.78569;-10.026;-5.13432;
-2.53036;-2.34973;-4.16678;-3.28692;-1.89168;-2.26582;-3.76559;-4.01259;-0.399096;-2.70313;-1.33645;-4.93898;0.593274;2.79343;-3.7011;9.87521;-10.1032;-5.19625;
-2.53196;-2.35232;-4.20679;-3.29309;-1.90103;-2.26798;-3.77013;-4.02338;-0.389853;-2.70146;-1.32296;-4.95806;0.60631;2.83197;-3.73873;9.96013;-10.183;-5.25728;
-2.53312;-2.355;-4.24045;-3.29925;-1.91058;-2.26394;-3.77556;-4.03482;-0.381779;-2.69523;-1.30465;-4.97212;0.624975;2.87655;-3.77067;10.0534;-10.2541;-5.3103;
-2.53588;-2.3572;-4.30019;-3.30725;-1.91965;-2.28673;-3.78189;-4.0456;-0.37544;-2.70045;-1.29979;-4.9954;0.634161;2.90737;-3.80859;10.1285;-10.3374;-5.37782;
-2.53779;-2.35944;-4.33563;-3.31438;-1.92876;-2.28544;-3.787;-4.05597;-0.367689;-2.70029;-1.28916;-5.0154;0.647105;2.94321;-3.84495;10.2067;-10.4166;-5.44173;
-2.53995;-2.36157;-4.3935;-3.32197;-1.93761;-2.30791;-3.78843;-4.06438;-0.355566;-2.70152;-1.28037;-5.03326;0.654715;2.97537;-3.88435;10.2849;-10.4934;-5.49618;
-2.54191;-2.3637;-4.43153;-3.32916;-1.94639;-2.31109;-3.79562;-4.07503;-0.350886;-2.69978;-1.2687;-5.05022;0.673095;3.01314;-3.91257;10.3656;-10.5645;-5.55435;
-2.54364;-2.36596;-4.46378;-3.33641;-1.95537;-2.30832;-3.79928;-4.08438;-0.341959;-2.69446;-1.25367;-5.06385;0.69318;3.05507;-3.94142;10.4506;-10.6326;-5.60438;
-2.54539;-2.36817;-4.50244;-3.34312;-1.96391;-2.31387;-3.80502;-4.09452;-0.335685;-2.68873;-1.23783;-5.07508;0.714313;3.09665;-3.9659;10.5387;-10.6946;-5.65122;
-2.54772;-2.37012;-4.55156;-3.35061;-1.97208;-2.33097;-3.80944;-4.10314;-0.328718;-2.689;-1.22894;-5.09131;0.726527;3.12915;-3.99761;10.6136;-10.7654;-5.70304;
-2.55069;-2.37184;-4.61098;-3.35867;-1.97999;-2.35863;-3.81439;-4.11168;-0.322934;-2.69491;-1.22666;-5.11205;0.734019;3.15535;-4.03206;10.6803;-10.8408;-5.76186;
-2.55222;-2.37405;-4.64512;-3.36549;-1.98853;-2.36026;-3.8204;-4.12177;-0.316778;-2.68544;-1.20721;-5.1184;0.759132;3.20115;-4.05323;10.7733;-10.8945;-5.80089;
-2.55378;-2.37618;-4.67132;-3.37242;-1.99696;-2.35349;-3.8252;-4.13113;-0.309314;-2.67587;-1.18785;-5.12558;0.782526;3.24535;-4.07681;10.8628;-10.9505;-5.84118;
-2.55662;-2.37805;-4.71099;-3.38078;-2.00511;-2.36071;-3.82825;-4.13933;-0.300423;-2.67613;-1.17906;-5.14109;0.797529;3.28094;-4.10725;10.9372;-11.0178;-5.89345;
-2.55873;-2.37991;-4.74281;-3.38844;-2.01322;-2.36038;-3.83709;-4.14854;-0.298693;-2.67078;-1.16503;-5.15246;0.819118;3.31906;-4.13033;11.0167;-11.0787;-5.94041;
-2.56138;-2.38162;-4.79107;-3.39685;-2.02127;-2.37577;-3.83879;-4.15234;-0.288198;-2.6705;-1.1567;-5.16658;0.830818;3.34875;-4.16338;11.0856;-11.1507;-5.98144;
-2.56384;-2.38333;-4.83022;-3.40509;-2.02929;-2.38254;-3.84393;-4.15916;-0.283695;-2.66838;-1.14654;-5.17948;0.846079;3.38195;-4.19159;11.1577;-11.2174;-6.0258;
-2.56617;-2.38503;-4.86784;-3.41332;-2.03733;-2.38758;-3.84957;-4.1652;-0.27842;-2.66452;-1.13468;-5.19124;0.86416;3.41647;-4.21822;11.2313;-11.2815;-6.06839;
-2.56881;-2.38657;-4.89985;-3.42191;-2.04513;-2.38797;-3.85473;-4.1725;-0.272934;-2.66406;-1.12691;-5.20673;0.87884;3.44755;-4.24716;11.2992;-11.3482;-6.12034;
-2.57218;-2.38801;-4.95143;-3.43074;-2.05251;-2.40977;-3.85959;-4.1791;-0.267464;-2.66869;-1.12514;-5.22437;0.890019;3.47394;-4.27664;11.3629;-11.4154;-6.17219;
-2.57488;-2.38967;-5.00555;-3.4389;-2.06009;-2.43386;-3.86424;-4.18699;-0.261143;-2.66578;-1.11492;-5.2327;0.909154;3.50974;-4.29861;11.4433;-11.4671;-6.21056;
-2.57738;-2.39121;-5.0336;-3.44668;-2.0674;-2.43257;-3.86956;-4.19496;-0.256179;-2.66218;-1.10433;-5.24468;0.927069;3.54321;-4.32284;11.5145;-11.525;-6.25785;
-2.57963;-2.39268;-5.05108;-3.45425;-2.07459;-2.42127;-3.8773;-4.20315;-0.254531;-2.6574;-1.09247;-5.25703;0.945817;3.57615;-4.34598;11.5827;-11.5836;-6.30689;
-2.58237;-2.39408;-5.08449;-3.46242;-2.08164;-2.42682;-3.88293;-4.2109;-0.250641;-2.65639;-1.08498;-5.27021;0.961224;3.60616;-4.37054;11.6495;-11.6423;-6.35499;
-2.58489;-2.39555;-5.1191;-3.47044;-2.08881;-2.43353;-3.88814;-4.2187;-0.245952;-2.65238;-1.07421;-5.27984;0.979617;3.63947;-4.39238;11.7214;-11.6954;-6.39807;
-2.58806;-2.3968;-5.17098;-3.47921;-2.09571;-2.45749;-3.89648;-4.22734;-0.245697;-2.65553;-1.07176;-5.29426;0.994219;3.66678;-4.41505;11.7873;-11.7502;-6.44724;
-2.59008;-2.39819;-5.18293;-3.48679;-2.10272;-2.44174;-3.89911;-4.23245;-0.237817;-2.64892;-1.05833;-5.30385;1.0115;3.69869;-4.43896;11.8524;-11.808;-6.48829;
-2.59329;-2.39944;-5.23555;-3.4954;-2.10943;-2.4678;-3.90568;-4.23967;-0.235663;-2.65161;-1.05563;-5.31702;1.02593;3.72554;-4.46123;11.9172;-11.8625;-6.53281;
-2.59504;-2.40089;-5.25011;-3.50285;-2.11644;-2.45507;-3.90762;-4.24574;-0.227283;-2.64144;-1.03848;-5.32246;1.04764;3.76183;-4.48047;11.9896;-11.9121;-6.56848;
-2.59852;-2.40218;-5.32379;-3.51193;-2.12324;-2.50171;-3.91359;-4.25342;-0.224229;-2.64422;-1.03613;-5.33238;1.06436;3.79114;-4.49992;12.0617;-11.9594;-6.60577;
-2.60083;-2.40348;-5.33866;-3.51994;-2.13008;-2.48927;-3.92186;-4.26177;-0.225757;-2.63827;-1.02406;-5.34225;1.08356;3.82316;-4.5201;12.127;-12.0124;-6.64993;
-2.6035;-2.40466;-5.35786;-3.52838;-2.13679;-2.48158;-3.92665;-4.26819;-0.221389;-2.63658;-1.01687;-5.35577;1.09875;3.85078;-4.5439;12.1864;-12.0701;-6.69829;
-2.60625;-2.40578;-5.38014;-3.53673;-2.14331;-2.47783;-3.92925;-4.27347;-0.214285;-2.63634;-1.01146;-5.37014;1.11195;3.87631;-4.56907;12.243;-12.1291;-6.74538;
-2.60924;-2.40687;-5.41023;-3.54514;-2.14963;-2.48285;-3.93395;-4.27945;-0.210173;-2.63811;-1.00847;-5.38549;1.12476;3.90054;-4.59342;12.2983;-12.1873;-6.7935;
-2.61228;-2.40792;-5.44699;-3.55367;-2.15585;-2.49499;-3.93935;-4.28662;-0.207095;-2.64107;-1.00699;-5.40098;1.13735;3.92429;-4.61697;12.3543;-12.2429;-6.84264;
-2.61443;-2.40911;-5.46102;-3.56084;-2.16191;-2.48617;-3.94416;-4.29365;-0.203112;-2.63492;-0.995197;-5.40953;1.15521;3.95379;-4.63582;12.4168;-12.2915;-6.88387;
-2.61738;-2.41019;-5.51877;-3.56883;-2.16782;-2.52106;-3.94656;-4.29898;-0.197678;-2.63669;-0.992487;-5.42045;1.16787;3.97813;-4.65674;12.4756;-12.3414;-6.92057;
-2.61936;-2.41172;-5.53702;-3.57598;-2.17426;-2.51582;-3.95681;-4.30782;-0.201217;-2.62356;-0.971382;-5.41852;1.19726;4.0204;-4.66461;12.5533;-12.374;-6.94726;
-2.62156;-2.41286;-5.55783;-3.58342;-2.1803;-2.51301;-3.96011;-4.3142;-0.195408;-2.61734;-0.960123;-5.42559;1.21536;4.04982;-4.68205;12.6163;-12.4196;-6.9853;
-2.62376;-2.41406;-5.58493;-3.59075;-2.18632;-2.51686;-3.96536;-4.32014;-0.19203;-2.60967;-0.947109;-5.4293;1.23551;4.08099;-4.69687;12.6835;-12.4608;-7.01674;
-2.62692;-2.41504;-5.63367;-3.59918;-2.19218;-2.54189;-3.97315;-4.32624;-0.192671;-2.61259;-0.946075;-5.44143;1.24938;4.1044;-4.7159;12.7404;-12.5093;-7.05741;
-2.62906;-2.41615;-5.65242;-3.60662;-2.19809;-2.53769;-3.97506;-4.3304;-0.185088;-2.60575;-0.934116;-5.44765;1.26698;4.13298;-4.73359;12.8007;-12.5559;-7.09141;
-2.63138;-2.41723;-5.67496;-3.61406;-2.20388;-2.53766;-3.97931;-4.33614;-0.181756;-2.60031;-0.923895;-5.45446;1.284;4.16043;-4.75072;12.861;-12.6012;-7.12718;
-2.63438;-2.41821;-5.71346;-3.6223;-2.20965;-2.55339;-3.98502;-4.34212;-0.180875;-2.60138;-0.92103;-5.46613;1.2982;4.18438;-4.76981;12.9165;-12.6495;-7.16715;
-2.63704;-2.41913;-5.73333;-3.63026;-2.21536;-2.55042;-3.99134;-4.34821;-0.179926;-2.60054;-0.916119;-5.47819;1.3123;4.20774;-4.78936;12.9698;-12.6995;-7.21067;
-2.63958;-2.41987;-5.76282;-3.63821;-2.22089;-2.55597;-3.99409;-4.35264;-0.174817;-2.60249;-0.914689;-5.49074;1.32371;4.22786;-4.80903;13.0176;-12.7475;-7.25061;
-2.6422;-2.42049;-5.80172;-3.64622;-2.22626;-2.57051;-3.99832;-4.35689;-0.17224;-2.60719;-0.91659;-5.50413;1.33363;4.24557;-4.828;13.0618;-12.7936;-7.28891;
-2.64406;-2.42117;-5.81381;-3.65349;-2.23169;-2.55848;-4.00218;-4.3603;-0.169035;-2.60446;-0.910151;-5.51363;1.34651;4.26667;-4.84564;13.1069;-12.8392;-7.32404;
-2.6462;-2.42182;-5.83826;-3.65945;-2.23576;-2.56698;-4.0065;-4.36363;-0.167936;-2.60571;-0.908811;-5.52308;1.35596;4.28243;-4.86018;13.1445;-12.8763;-7.35455;
-2.64786;-2.42256;-5.85768;-3.66476;-2.23978;-2.57125;-4.00952;-4.36729;-0.165595;-2.60153;-0.901469;-5.52721;1.36848;4.30177;-4.87172;13.1876;-12.9075;-7.37898;
-2.64939;-2.4233;-5.86894;-3.66997;-2.24384;-2.5672;-4.01436;-4.37213;-0.167492;-2.59593;-0.892544;-5.53118;1.38145;4.32177;-4.8832;13.2296;-12.9399;-7.40355;
-2.65148;-2.42395;-5.89237;-3.67574;-2.2478;-2.57532;-4.01737;-4.37656;-0.164721;-2.5966;-0.890755;-5.53984;1.39132;4.33786;-4.89686;13.2682;-12.9743;-7.43407;
-2.65357;-2.42457;-5.91409;-3.68149;-2.25172;-2.58187;-4.02084;-4.38112;-0.162663;-2.59738;-0.889114;-5.5486;1.40095;4.35357;-4.91045;13.3064;-13.0088;-7.465;
-2.65521;-2.42523;-5.9203;-3.68681;-2.25566;-2.5729;-4.02496;-4.38565;-0.161441;-2.59375;-0.882546;-5.55487;1.41262;4.37144;-4.9228;13.3459;-13.0421;-7.4945;
-2.65705;-2.42587;-5.93929;-3.69236;-2.25958;-2.57684;-4.02705;-4.38939;-0.157344;-2.59207;-0.878161;-5.56116;1.42331;4.38844;-4.93532;13.3857;-13.0747;-7.52183;
-2.659;-2.42654;-5.96751;-3.6981;-2.26353;-2.58978;-4.03009;-4.39224;-0.15459;-2.5912;-0.874675;-5.56709;1.43476;4.40614;-4.94704;13.4257;-13.1063;-7.54605;
-2.66077;-2.42712;-5.98248;-3.70358;-2.26732;-2.58984;-4.03194;-4.39389;-0.151039;-2.59081;-0.871808;-5.576;1.4437;4.42099;-4.96121;13.4588;-13.1433;-7.57381;
-2.6628;-2.42765;-6.00545;-3.70928;-2.27105;-2.59801;-4.03477;-4.39712;-0.151245;-2.59335;-0.87223;-5.58678;1.45088;4.43413;-4.97618;13.4899;-13.1812;-7.60334;
-2.6641;-2.42845;-6.01729;-3.71437;-2.27513;-2.59456;-4.03838;-4.40125;-0.152113;-2.5845;-0.859833;-5.58565;1.46663;4.457;-4.98444;13.5357;-13.2082;-7.61985;
-2.66626;-2.42898;-6.04297;-3.72028;-2.27891;-2.60537;-4.04218;-4.40384;-0.15161;-2.58764;-0.861015;-5.59588;1.47434;4.47014;-4.99873;13.5683;-13.245;-7.64854;
-2.66781;-2.42957;-6.04861;-3.72561;-2.28275;-2.59612;-4.04279;-4.40556;-0.145684;-2.58458;-0.855233;-5.60283;1.48436;4.48613;-5.01216;13.6032;-13.2807;-7.67584;
-2.66971;-2.43019;-6.07478;-3.73129;-2.28662;-2.60744;-4.04882;-4.41005;-0.147331;-2.58357;-0.851842;-5.60871;1.49583;4.50317;-5.02322;13.6427;-13.3105;-7.70251;
-2.67135;-2.43077;-6.08586;-3.73662;-2.29038;-2.604;-4.05162;-4.41313;-0.144632;-2.58163;-0.84748;-5.61642;1.50613;4.51896;-5.03594;13.6777;-13.3444;-7.73126;
-2.67331;-2.43129;-6.10785;-3.74223;-2.29406;-2.61176;-4.05521;-4.41656;-0.143218;-2.58338;-0.8473;-5.62645;1.51477;4.53266;-5.04934;13.7109;-13.3787;-7.76188;
-2.67468;-2.43192;-6.11112;-3.74707;-2.29769;-2.60153;-4.05671;-4.41934;-0.138639;-2.57788;-0.839184;-5.63134;1.52649;4.54994;-5.06052;13.7478;-13.4101;-7.78767;
-2.67655;-2.43253;-6.13934;-3.75229;-2.30124;-2.61671;-4.06363;-4.42411;-0.143721;-2.57694;-0.835925;-5.63648;1.53734;4.56612;-5.07056;13.7856;-13.4389;-7.81129;
-2.67831;-2.43306;-6.15178;-3.75747;-2.30475;-2.61615;-4.06162;-4.42456;-0.137545;-2.57699;-0.833641;-5.64578;1.54451;4.57916;-5.0852;13.814;-13.4775;-7.83691;
-2.6801;-2.4336;-6.16613;-3.76259;-2.30819;-2.61791;-4.06411;-4.42717;-0.135169;-2.57684;-0.831287;-5.65439;1.55309;4.59284;-5.09791;13.846;-13.5116;-7.86514;
-2.68186;-2.43412;-6.18024;-3.76765;-2.31158;-2.61964;-4.06791;-4.4304;-0.134369;-2.57696;-0.829296;-5.66319;1.56167;4.60632;-5.11032;13.8778;-13.5449;-7.89415;
-2.68346;-2.43465;-6.1905;-3.77242;-2.31491;-2.61783;-4.07069;-4.43406;-0.13215;-2.57539;-0.8255;-5.67086;1.5708;4.62039;-5.12213;13.9106;-13.5768;-7.92272;
-2.68527;-2.43516;-6.20674;-3.77732;-2.31816;-2.62225;-4.07487;-4.43833;-0.132134;-2.57629;-0.824497;-5.68021;1.57897;4.63313;-5.13426;13.9419;-13.6089;-7.9529;
-2.68671;-2.43575;-6.21544;-3.78187;-2.3215;-2.61913;-4.07728;-4.44215;-0.129124;-2.57166;-0.817349;-5.68435;1.59016;4.64943;-5.14418;13.9787;-13.6373;-7.97759;
-2.68874;-2.4363;-6.24307;-3.78703;-2.32481;-2.63485;-4.08154;-4.44669;-0.128995;-2.5733;-0.81718;-5.69147;1.59932;4.66332;-5.15481;14.0143;-13.666;-8.00385;
-2.69053;-2.43684;-6.25827;-3.79194;-2.32809;-2.63836;-4.08456;-4.45051;-0.127101;-2.57301;-0.814871;-5.69855;1.60833;4.67709;-5.16597;14.0481;-13.6964;-8.03074;
-2.69202;-2.43751;-6.27157;-3.79661;-2.33155;-2.63937;-4.08583;-4.4533;-0.122109;-2.56675;-0.805907;-5.69941;1.62163;4.69581;-5.17416;14.0895;-13.7215;-8.04973;
-2.69383;-2.43806;-6.29596;-3.80156;-2.33489;-2.65144;-4.0947;-4.45879;-0.128777;-2.5656;-0.802755;-5.70455;1.63262;4.71118;-5.18326;14.1269;-13.7477;-8.0747;
-2.6954;-2.43858;-6.30331;-3.80628;-2.33817;-2.6466;-4.09257;-4.4598;-0.12076;-2.56367;-0.798636;-5.71182;1.64112;4.72479;-5.19577;14.1574;-13.7816;-8.09996;
-2.69707;-2.43909;-6.3144;-3.8111;-2.34143;-2.64573;-4.09364;-4.46279;-0.117451;-2.56268;-0.795629;-5.71941;1.6499;4.7384;-5.20756;14.1889;-13.8136;-8.12652;
-2.69908;-2.43959;-6.34043;-3.81623;-2.34466;-2.65997;-4.0996;-4.46645;-0.121339;-2.56499;-0.796327;-5.72765;1.65826;4.75106;-5.2187;14.2206;-13.8443;-8.15231;
-2.70074;-2.44009;-6.3498;-3.821;-2.34787;-2.65767;-4.10316;-4.4696;-0.120479;-2.564;-0.793387;-5.73528;1.66705;4.76423;-5.23013;14.252;-13.8758;-8.17976;
-2.70249;-2.44064;-6.36699;-3.82591;-2.35117;-2.66299;-4.10612;-4.47244;-0.118467;-2.56283;-0.790235;-5.74071;1.6769;4.77869;-5.24047;14.2867;-13.9047;-8.20367;
-2.70399;-2.44118;-6.37206;-3.83058;-2.35444;-2.6564;-4.10961;-4.47628;-0.11733;-2.55935;-0.784542;-5.74611;1.68719;4.79358;-5.25083;14.3204;-13.934;-8.22963;
-2.70571;-2.44173;-6.38719;-3.83544;-2.35772;-2.66001;-4.11315;-4.48008;-0.116215;-2.55744;-0.780614;-5.751;1.69752;4.80847;-5.26061;14.3559;-13.9614;-8.25373;
-2.70774;-2.44227;-6.4128;-3.84058;-2.36096;-2.67418;-4.1138;-4.48185;-0.110863;-2.55897;-0.780476;-5.7578;1.70649;4.82202;-5.27145;14.3892;-13.9907;-8.27724;
-2.70935;-2.44282;-6.42564;-3.84525;-2.36419;-2.67551;-4.11922;-4.48574;-0.112587;-2.55592;-0.775391;-5.76189;1.71754;4.83736;-5.28047;14.4248;-14.0172;-8.3003;
-2.71116;-2.4433;-6.44065;-3.85016;-2.36736;-2.67891;-4.11844;-4.48666;-0.10633;-2.55679;-0.774581;-5.77017;1.72544;4.8497;-5.29256;14.454;-14.05;-8.32504;
-2.7128;-2.44383;-6.45371;-3.85492;-2.37058;-2.68032;-4.11903;-4.48644;-0.105264;-2.55502;-0.770774;-5.77591;1.73441;4.86346;-5.30395;14.4829;-14.0836;-8.3438;
-2.71461;-2.44441;-6.48133;-3.8599;-2.37389;-2.69623;-4.11996;-4.48452;-0.104916;-2.55351;-0.767221;-5.77948;1.74451;4.87855;-5.31424;14.5141;-14.1158;-8.35678;
-2.71647;-2.44492;-6.49979;-3.86496;-2.37716;-2.7028;-4.12492;-4.48664;-0.106886;-2.55364;-0.765644;-5.78601;1.75402;4.89227;-5.32478;14.5456;-14.1461;-8.38;
-2.7176;-2.44561;-6.5024;-3.86937;-2.38064;-2.6932;-4.12882;-4.48981;-0.105758;-2.54203;-0.751068;-5.7819;1.77014;4.91341;-5.33044;14.5892;-14.167;-8.3947;
-0.828827;-0.788818;0.0525673;0.0298938;0.17119;0.185921;0.200962;0.0799344;0.230592;0.220888;-0.830425;0.324308;-0.915392;0.296396;-0.703404;-0.747298;0.144186;0.146167;
-0.91414;-0.816722;-0.00642414;-0.0695489;0.140887;0.119449;0.529201;0.0845208;0.182763;0.161799;-0.831437;0.332205;-0.995775;0.295598;-0.690775;-1.06468;0.122058;0.745037;
-0.980895;-0.821709;-0.0237441;-0.162574;0.135673;0.093836;0.683701;0.0894735;0.164846;0.141839;-0.832103;0.333593;-1.03956;0.294869;-0.684693;-1.14747;0.103285;0.80562;
-1.08179;-0.82825;-0.0405684;-0.339693;0.1301;0.0574238;0.905486;0.111498;0.143996;0.123125;-0.833464;0.334708;-1.10472;0.289649;-0.678114;-1.27905;0.092654;0.869675;
-1.2238;-0.844895;-0.0509008;-0.697778;0.118636;0.00243808;1.20836;0.190799;0.130394;0.105443;-0.836077;0.335157;-1.1968;0.269208;-0.675207;-1.4855;0.100437;0.968518;
-1.36518;-0.886282;-0.0447761;-1.20501;0.100731;-0.0586438;1.51377;0.330092;0.13332;0.092506;-0.837022;0.334834;-1.29036;0.232271;-0.680063;-1.70123;0.0978809;1.0505;
-1.48459;-0.950623;-0.0259783;-1.68792;0.0874393;-0.105321;1.7589;0.457051;0.142143;0.0869912;-0.833744;0.334827;-1.3615;0.197726;-0.688107;-1.86171;0.0606125;1.09782;
-1.58163;-1.01882;0.000607851;-2.07243;0.0801848;-0.132354;1.94292;0.540617;0.150623;0.0864599;-0.830832;0.334997;-1.40877;0.176756;-0.695713;-1.95892;-0.00855383;1.11478;
-1.66217;-1.07655;0.0323131;-2.36973;0.0759142;-0.142511;2.08494;0.587755;0.157013;0.0874322;-0.835615;0.334771;-1.43945;0.169764;-0.702195;-2.01213;-0.104611;1.12006;
-1.72931;-1.11569;0.0702573;-2.62522;0.0720486;-0.143564;2.20293;0.615709;0.162469;0.0881564;-0.854283;0.333441;-1.46146;0.170157;-0.707595;-2.03851;-0.222478;1.10803;
-1.78664;-1.13376;0.112821;-2.86068;0.0675488;-0.140347;2.30833;0.637026;0.165239;0.0882156;-0.890617;0.330626;-1.4793;0.171618;-0.711482;-2.05933;-0.353436;1.09355;
0.185811;0.263784;-0.921525;0.0768998;0.17172;0.262128;-0.762595;-0.984549;0.238602;0.176378;0.236867;0.050928;0.171968;-0.948625;-0.95066;0.199544;0.223811;0.314337;
0.175721;0.242754;-0.937745;0.0306304;-0.0906781;0.176493;-0.728731;-1.01483;0.258617;0.209364;0.196048;0.068645;0.207895;-0.975668;-0.927147;0.361471;0.331715;1.00127;
0.176337;0.244898;-0.937345;0.0103734;-0.185222;0.162625;-0.718408;-1.01653;0.264456;0.2173;0.192289;0.0718708;0.214878;-0.977429;-0.923363;0.376795;0.360408;1.10038;
0.177609;0.247543;-0.936856;-0.0043192;-0.260134;0.152156;-0.709879;-1.01527;0.270708;0.224161;0.192901;0.0764288;0.220717;-0.977428;-0.919508;0.367218;0.369381;1.12854;
0.179041;0.249854;-0.936665;-0.0163208;-0.327398;0.142329;-0.702168;-1.01391;0.277281;0.230869;0.193411;0.081745;0.226276;-0.977572;-0.915562;0.360001;0.373953;1.14312;
0.180308;0.251746;-0.936638;-0.0263196;-0.388873;0.133094;-0.695124;-1.01264;0.283003;0.237265;0.194205;0.086535;0.231587;-0.977674;-0.912104;0.350093;0.377287;1.14858;
0.181352;0.253081;-0.936768;-0.0349808;-0.446964;0.12419;-0.688187;-1.01226;0.288164;0.24398;0.194082;0.091044;0.236927;-0.978248;-0.908985;0.340588;0.382728;1.15378;
0.182517;0.254319;-0.937045;-0.0420469;-0.50252;0.115379;-0.681582;-1.01224;0.294006;0.250832;0.193098;0.0966554;0.242279;-0.979259;-0.905557;0.338179;0.387329;1.15439;
0.183671;0.255345;-0.937417;-0.0482689;-0.556336;0.107171;-0.675164;-1.01189;0.299276;0.25769;0.192775;0.101761;0.247551;-0.979945;-0.902542;0.329435;0.392583;1.15216;
0.18475;0.256011;-0.937819;-0.0531978;-0.60757;0.0995205;-0.668946;-1.01226;0.303598;0.264844;0.191362;0.105849;0.252772;-0.980929;-0.900079;0.323578;0.40174;1.15338;
0.185935;0.256674;-0.938291;-0.0569437;-0.657882;0.0919749;-0.662851;-1.01263;0.308196;0.272302;0.189671;0.110453;0.258083;-0.982078;-0.897539;0.319327;0.410995;1.15505;
0.197489;-0.971753;0.203121;0.173958;0.105276;-0.653913;-0.765382;0.0951134;-0.770189;0.24598;-0.965039;0.191286;0.219921;0.161283;-0.776655;-0.892668;-0.997542;-0.85193;
0.0480842;-0.61728;0.108921;0.225647;0.35429;-0.357862;-0.589373;-0.0404781;-0.654779;0.328532;-1.16529;0.173281;0.284822;0.0283979;-0.770991;-0.989965;-1.52735;-0.53021;
-0.0684587;-0.351476;-0.0559257;0.259248;0.317821;-0.316985;-0.582293;-0.0391599;-0.581011;0.308978;-1.16399;0.139146;0.260014;0.0377378;-0.777071;-0.960961;-1.5159;-0.525716;
-0.150375;-0.0842008;-0.140202;0.281856;0.23107;-0.319602;-0.585992;-0.0252827;-0.555858;0.317331;-1.13678;0.0929188;0.25891;0.054045;-0.798602;-0.953516;-1.49294;-0.554217;
-0.207658;0.147903;-0.150886;0.288493;0.155523;-0.353361;-0.574628;-0.000728037;-0.55945;0.350291;-1.1074;0.0559363;0.281265;0.072447;-0.827325;-0.952134;-1.47994;-0.579776;
-0.250295;0.332464;-0.0886652;0.285063;0.112737;-0.395507;-0.54637;0.0204094;-0.576176;0.387237;-1.0878;0.0332077;0.320246;0.083551;-0.858043;-0.961419;-1.48488;-0.62059;
-0.29661;0.479641;0.0373072;0.279943;0.106365;-0.443396;-0.499728;0.025115;-0.598255;0.422571;-1.08304;0.0258214;0.380745;0.07587;-0.89319;-0.953447;-1.50986;-0.676016;
-0.38031;0.611299;0.239915;0.286796;0.144419;-0.50747;-0.431551;0.00522999;-0.626043;0.458188;-1.09509;0.0330281;0.488316;0.0291685;-0.948911;-0.941028;-1.54791;-0.764816;
-0.593871;0.763619;0.582284;0.361469;0.258388;-0.655756;-0.329545;-0.0499316;-0.661139;0.508459;-1.13442;0.0698139;0.758676;-0.13844;-1.09475;-0.919512;-1.62806;-1.0194;
-0.974477;0.982373;1.00955;0.687267;0.518156;-1.03941;-0.244826;-0.136057;-0.685266;0.57249;-1.27439;0.162323;1.33508;-0.465679;-1.46655;-1.00137;-1.86984;-1.68046;
0.204986;0.00383679;0.292108;0.258579;0.316391;-0.744538;-0.723578;-0.814943;0.224523;-0.751062;0.0865272;-0.747108;-0.955558;0.093534;0.136326;0.08071;-0.850783;0.0560161;
0.252088;0.0225339;0.314516;0.505317;0.329624;-0.594456;-0.73141;-0.826542;0.223303;-0.833359;-0.0640919;-0.626816;-0.937876;0.116236;0.134835;-0.185938;-1.19102;0.583742;
0.234556;0.0519871;0.257559;0.57942;0.349447;-0.584936;-0.735779;-0.836761;0.223415;-0.83296;-0.0948686;-0.581006;-0.938045;0.11693;0.135744;-0.225505;-1.19305;0.598188;
0.227394;0.0903434;0.208721;0.642022;0.366544;-0.582913;-0.740586;-0.8466;0.221909;-0.833662;-0.124917;-0.540176;-0.938958;0.116231;0.135973;-0.252477;-1.17965;0.593617;
0.233502;0.138657;0.167592;0.698627;0.381276;-0.584911;-0.745857;-0.855105;0.217925;-0.835584;-0.153321;-0.504078;-0.940803;0.11415;0.135662;-0.269426;-1.16651;0.583452;
0.250345;0.194794;0.130802;0.75041;0.392444;-0.591524;-0.752448;-0.861107;0.210745;-0.839665;-0.177596;-0.474435;-0.943521;0.109337;0.136074;-0.281301;-1.15101;0.573795;
0.277804;0.257459;0.0972264;0.799277;0.400245;-0.601827;-0.759706;-0.864901;0.200267;-0.844817;-0.199412;-0.450943;-0.947932;0.10248;0.136926;-0.285997;-1.14186;0.57093;
0.188228;0.26463;0.10307;-0.768996;0.0987047;-0.875679;0.187348;0.156378;-0.847376;-0.846851;-0.817386;-0.923139;-0.81105;0.294276;-0.991923;-0.66283;0.0660623;0.211366;
0.0171581;0.168522;0.106012;-0.846277;0.0803514;-0.832748;0.164286;0.249767;-0.765484;-0.845146;-0.822439;-0.925494;-0.804144;0.275474;-1.00692;-0.864944;0.237853;0.851949;
-0.0280981;0.119831;0.0725235;-0.848297;0.0821683;-0.831623;0.16673;0.248758;-0.765605;-0.84708;-0.817848;-0.920652;-0.805662;0.278122;-1.00415;-0.894553;0.223189;0.90572;
-0.0642688;0.0787493;0.0444819;-0.850032;0.0834838;-0.832603;0.166446;0.246218;-0.767446;-0.848978;-0.814911;-0.916971;-0.806897;0.280076;-1.00175;-0.903265;0.207561;0.916829;
-0.0980465;0.0406892;0.0195631;-0.853262;0.0838568;-0.833993;0.165323;0.244911;-0.768199;-0.851313;-0.81328;-0.914033;-0.808366;0.281269;-0.999724;-0.909319;0.198287;0.914792;
-0.131354;0.00400891;-0.0023579;-0.858671;0.0831237;-0.834539;0.164496;0.246508;-0.766511;-0.854171;-0.812682;-0.911484;-0.810241;0.281674;-0.997969;-0.905632;0.193208;0.913345;
-0.165647;-0.0329746;-0.0230927;-0.866406;0.0817636;-0.835246;0.16357;0.251931;-0.764298;-0.857553;-0.813292;-0.9095;-0.812567;0.280674;-0.996768;-0.9033;0.199687;0.910249;
-0.202154;-0.0720875;-0.0442016;-0.876653;0.0794909;-0.836074;0.163158;0.261517;-0.762319;-0.861938;-0.815904;-0.907814;-0.815564;0.27795;-0.995751;-0.904351;0.215819;0.905108;
-0.241961;-0.115309;-0.0652716;-0.889275;0.0763784;-0.836851;0.165985;0.271467;-0.760123;-0.868213;-0.819365;-0.906404;-0.819721;0.274861;-0.995048;-0.901609;0.239144;0.901064;
-0.284292;-0.162504;-0.0881567;-0.903947;0.0725355;-0.83782;0.169385;0.281626;-0.756152;-0.875688;-0.823929;-0.905799;-0.824049;0.271612;-0.994865;-0.89635;0.266705;0.888729;
-0.333438;-0.217662;-0.115377;-0.921399;0.0677931;-0.839037;0.176481;0.296907;-0.752575;-0.886649;-0.831335;-0.905222;-0.829959;0.266675;-0.99479;-0.896258;0.31178;0.875409;
0.195185;-0.917081;-0.680022;0.0674022;-0.707582;0.228787;0.17051;-0.799313;-0.787918;0.141163;0.0186147;0.10603;0.289683;-0.910337;0.116881;0.337114;-0.831276;-0.84122;
0.0667825;-0.890127;-0.734365;-0.0373429;-0.73513;-0.209268;-0.0723674;-0.793368;-0.869298;0.430836;0.073485;0.276809;0.518424;-0.898771;0.195847;0.747944;-1.51886;-0.316;
0.0162509;-0.891913;-0.741187;-0.0728875;-0.826981;-0.387185;-0.158432;-0.786207;-0.904102;0.486786;0.0637369;0.312996;0.550223;-0.911916;0.208837;0.777998;-1.5682;-0.359319;
-0.0466071;-0.901749;-0.760082;-0.120452;-0.899334;-0.555691;-0.237232;-0.791042;-0.954553;0.539551;0.0620123;0.371232;0.585317;-0.927547;0.230501;0.832184;-1.59625;-0.422887;
-0.126396;-0.922819;-0.797088;-0.185959;-0.967339;-0.742661;-0.324391;-0.813476;-1.03692;0.595708;0.0707331;0.459665;0.624358;-0.948256;0.262495;0.934122;-1.64111;-0.494415;
-0.226598;-0.960133;-0.86586;-0.277164;-1.04563;-0.970464;-0.433426;-0.854633;-1.17979;0.656167;0.0799585;0.584051;0.663585;-0.983003;0.303169;1.09073;-1.70729;-0.561374;
-0.338874;-1.01166;-0.969737;-0.379299;-1.11576;-1.20491;-0.543222;-0.902738;-1.35869;0.704263;0.0779076;0.714898;0.6933;-1.03628;0.340597;1.2447;-1.76933;-0.625257;
-0.447294;-1.06813;-1.0921;-0.47893;-1.14146;-1.40594;-0.638633;-0.947087;-1.52577;0.738565;0.0592787;0.822081;0.719877;-1.10991;0.376955;1.36015;-1.80973;-0.711038;
-0.552871;-1.13327;-1.24181;-0.590412;-1.07347;-1.58726;-0.729906;-0.99397;-1.68626;0.768685;0.0258888;0.912733;0.769326;-1.22187;0.440028;1.46459;-1.83779;-0.850822;
-0.716686;-1.25033;-1.58541;-0.755;-0.711903;-1.77561;-0.850884;-1.08088;-1.87878;0.796249;-0.0198574;0.985627;0.877469;-1.54628;0.573883;1.54013;-1.78384;-1.29919;
-1.05494;-1.27483;-2.41526;-0.887128;-0.426805;-1.85032;-1.04504;-1.28042;-2.05138;0.88477;0.100582;1.01826;0.875691;-1.94005;0.526099;1.67733;-1.63369;-1.92424;
0.201182;0.0385681;0.218434;0.079138;-0.817703;0.15411;0.11329;0.170276;0.00633679;0.113118;0.15489;0.202354;-0.845688;0.23379;-0.835788;0.280008;-0.982385;0.0533399;
0.181836;0.031842;0.19602;0.00846743;-0.828199;-0.0248765;0.120254;0.182914;-0.024925;0.0916495;0.117589;0.285924;-0.843943;0.237698;-0.844232;0.390312;-1.28585;0.54823;
0.182378;0.0314853;0.194105;-0.0138822;-0.826918;-0.109493;0.120311;0.181665;-0.0279945;0.0907806;0.119944;0.294363;-0.843576;0.23717;-0.84595;0.392199;-1.29866;0.56982;
0.182502;0.0310232;0.188417;-0.0325055;-0.826243;-0.188207;0.120444;0.180215;-0.0352386;0.0891737;0.122651;0.312802;-0.843005;0.23651;-0.849882;0.39072;-1.30348;0.572722;
0.181428;0.0304406;0.17723;-0.0491737;-0.826176;-0.26665;0.120483;0.17798;-0.0486103;0.08718;0.126767;0.345904;-0.842316;0.2356;-0.856593;0.388229;-1.30349;0.560894;
0.178641;0.0296291;0.158595;-0.0652151;-0.826762;-0.349864;0.119584;0.176015;-0.0689871;0.086493;0.130233;0.395829;-0.841898;0.23482;-0.866315;0.38653;-1.31478;0.560505;
0.174095;0.0284043;0.129108;-0.081299;-0.828212;-0.442905;0.120995;0.174204;-0.0974454;0.0796644;0.133543;0.468057;-0.840267;0.23409;-0.880356;0.386828;-1.32301;0.561541;
0.167368;0.0267159;0.0817412;-0.0975228;-0.830611;-0.552861;0.124473;0.171899;-0.13511;0.0671133;0.138665;0.567353;-0.837512;0.233092;-0.900072;0.395751;-1.34662;0.566382;
0.157512;0.0234252;-0.00156019;-0.113183;-0.83492;-0.689212;0.12821;0.169838;-0.185441;0.0514334;0.145314;0.712307;-0.834233;0.231966;-0.928318;0.40894;-1.39546;0.585506;
0.142477;0.0166204;-0.165522;-0.127224;-0.842427;-0.86706;0.132496;0.167359;-0.250689;0.0315338;0.160872;0.934249;-0.830315;0.229545;-0.971018;0.436145;-1.502;0.631112;
0.121273;0.000563554;-0.489507;-0.132894;-0.856741;-1.07077;0.136127;0.161824;-0.317153;0.00967476;0.214867;1.23239;-0.826428;0.221098;-1.02546;0.472557;-1.67479;0.700947;
0.101101;-0.0240052;-0.938441;-0.126774;-0.884439;-1.24312;0.138377;0.15818;-0.35673;-0.00952724;0.324592;1.52212;-0.823148;0.203945;-1.07275;0.499401;-1.84835;0.741527;
0.0850319;-0.0469582;-1.39568;-0.113081;-0.931076;-1.37269;0.138845;0.16836;-0.362159;-0.018079;0.452739;1.75947;-0.821456;0.184533;-1.10411;0.498594;-1.97739;0.751264;
0.0740041;-0.0616332;-1.7693;-0.096679;-0.989036;-1.47183;0.141336;0.200635;-0.341911;-0.0247454;0.550444;1.94168;-0.818752;0.171495;-1.12199;0.492874;-2.05835;0.73607;
0.0657531;-0.0713738;-2.07289;-0.0805016;-1.05021;-1.5546;0.145789;0.253751;-0.304571;-0.0312606;0.618398;2.08936;-0.815225;0.165557;-1.13185;0.490647;-2.10568;0.71228;
0.0589934;-0.0784085;-2.31432;-0.0665743;-1.10664;-1.62507;0.149483;0.324979;-0.255921;-0.0334385;0.661843;2.21308;-0.812565;0.165866;-1.13709;0.503029;-2.13075;0.682147;
0.051532;-0.0848691;-2.52192;-0.0554202;-1.1532;-1.68595;0.154315;0.411926;-0.197282;-0.0338752;0.694423;2.3205;-0.809975;0.168886;-1.13966;0.535559;-2.14599;0.657509;
0.0422068;-0.0915039;-2.70527;-0.0479131;-1.18677;-1.74085;0.162819;0.511594;-0.135255;-0.0352493;0.720537;2.41872;-0.806611;0.172546;-1.14199;0.598157;-2.16456;0.640494;
0.0313462;-0.098664;-2.869;-0.0440474;-1.20193;-1.78757;0.172276;0.623757;-0.0727539;-0.0362857;0.741896;2.50538;-0.803509;0.177336;-1.14278;0.687651;-2.18005;0.620605;
0.0182872;-0.106212;-3.02688;-0.0440764;-1.19788;-1.82962;0.185851;0.735544;-0.020166;-0.0378642;0.769442;2.59121;-0.799892;0.178892;-1.14519;0.795395;-2.21458;0.61722;
0.00391283;-0.114093;-3.18324;-0.0475996;-1.17589;-1.86598;0.20081;0.850691;0.0280655;-0.0393949;0.800139;2.67113;-0.796312;0.179153;-1.14667;0.921671;-2.24887;0.610861;
-0.0114329;-0.121953;-3.34471;-0.0554549;-1.14004;-1.89869;0.218334;0.959371;0.0722627;-0.0404999;0.842305;2.75124;-0.792867;0.175468;-1.14868;1.05135;-2.29602;0.606026;
-0.0265278;-0.129219;-3.51567;-0.0688296;-1.09806;-1.92763;0.240929;1.05956;0.116047;-0.0418791;0.895067;2.83036;-0.789171;0.168757;-1.15088;1.18321;-2.35413;0.600411;
-0.0409345;-0.135795;-3.69576;-0.0890143;-1.05509;-1.95316;0.263079;1.14925;0.16645;-0.040715;0.957577;2.90713;-0.786241;0.159075;-1.15246;1.31675;-2.41507;0.591579;
-0.0538592;-0.141384;-3.87965;-0.116458;-1.01438;-1.97823;0.287175;1.22926;0.22661;-0.0387212;1.02934;2.98456;-0.783617;0.147325;-1.15378;1.45028;-2.48201;0.575728;
-0.0634089;-0.145229;-4.06785;-0.152552;-0.977899;-2.00392;0.316413;1.28842;0.296503;-0.0364373;1.11216;3.06223;-0.78094;0.131979;-1.1553;1.58154;-2.5634;0.557902;
-0.0695492;-0.14743;-4.2506;-0.201999;-0.94797;-2.03148;0.346048;1.33106;0.387732;-0.0329001;1.20231;3.13888;-0.778809;0.114551;-1.15615;1.71299;-2.64791;0.532713;
-0.0705431;-0.147304;-4.40931;-0.271056;-0.923058;-2.06143;0.386876;1.35793;0.503265;-0.0311654;1.29241;3.21131;-0.776194;0.0965351;-1.15629;1.86029;-2.72616;0.4915;
-0.0625611;-0.143608;-4.52211;-0.373177;-0.901903;-2.09835;0.437744;1.3618;0.665733;-0.0306165;1.38554;3.28085;-0.773692;0.0774511;-1.15554;2.03993;-2.79872;0.436863;
-0.0450283;-0.135004;-4.53641;-0.537846;-0.882581;-2.15262;0.509843;1.33796;0.937565;-0.0345182;1.4946;3.34717;-0.771118;0.0542974;-1.15383;2.28238;-2.86864;0.353566;
-0.0397374;-0.125171;-4.41278;-0.796894;-0.847478;-2.24877;0.601605;1.34116;1.43685;-0.0490947;1.6695;3.40967;-0.769356;0.0189541;-1.15306;2.64999;-2.98702;0.221661;
-0.0922533;-0.139278;-4.46424;-1.0936;-0.719254;-2.37889;0.695893;1.49067;2.12343;-0.0796681;2.06149;3.46088;-0.770047;-0.0228982;-1.1557;3.1828;-3.36671;0.0151094;
-0.353061;-0.20059;-4.88919;-1.31915;-0.331734;-2.47595;0.836924;2.11568;2.66521;-0.0905468;2.52584;3.52411;-0.770786;-0.0384283;-1.17261;4.02103;-3.76371;-0.231885;
-0.582622;-0.238477;-5.22255;-1.34107;-0.0730517;-2.60552;0.994306;2.64458;2.80708;-0.0751202;2.68453;3.64555;-0.794339;-0.153861;-1.20628;4.73519;-4.00854;-0.11473;
-0.63123;-0.252506;-5.35521;-1.34447;-0.0045717;-2.69888;1.07005;2.82922;2.88248;-0.0572061;2.79295;3.72662;-0.796244;-0.161618;-1.20904;5.01424;-4.29571;0.0751981;
0.198467;0.178823;-0.957759;-0.861275;-0.897817;-0.955451;-0.922725;0.170462;-0.93375;-0.681463;-0.95411;-0.884619;0.13667;0.321091;0.100598;0.261967;-0.771223;-0.896186;0.238472;0.0294722;-0.816142;0.262058;-0.737369;-0.990343;-0.773134;-0.733133;-0.982574;0.070432;0.142563;0.234386;0.122895;0.182711;-0.983716;0.114979;-0.800805;-0.823469;0.233772;-0.801542;-0.818579;0.0216555;0.0545915;0.000200029;-0.816867;-0.918104;-0.810121;-0.717889;0.216447;-0.954859;-0.738297;-0.768026;0.217292;-0.700001;-0.898652;0.0140144;-0.902942;0.290582;0.216438;0.268638;-0.770115;0.291858;-0.717375;-0.861521;-0.730452;0.176883;0.0061293;
0.276355;0.0299081;-1.11455;-0.878985;-0.991979;-1.07591;-1.13235;-0.0580471;-1.14698;-0.942147;-0.965165;-0.933529;0.0830383;0.395088;0.0591602;0.25877;-0.751501;-0.874881;0.241006;0.0481392;-0.781359;0.0203882;-1.02333;-0.973469;-1.01322;-0.72763;-1.14062;-0.106078;0.198044;0.0838625;0.144823;0.0347046;-1.15186;0.0973795;-0.951219;-0.873344;0.138588;-0.878452;-0.862478;-0.0855086;-0.00142404;-0.138926;-0.941049;-0.980395;-0.968945;-0.761166;0.106004;-1.05293;-0.785169;-0.895038;0.219112;-0.691923;-0.892939;0.0176155;-0.895673;0.290471;0.212758;0.262304;-0.773265;0.287734;-0.809211;-1.07777;-0.953806;-0.057909;0.0107302;
0.449332;-0.0694976;-1.23776;-0.903022;-1.0736;-0.856363;-1.24736;-0.2334;-1.2271;-1.09019;-0.996424;-0.878093;0.159361;0.499561;0.121805;0.259261;-0.749067;-0.874092;0.24097;0.0496917;-0.776941;-0.0898925;-1.14731;-1.00028;-1.14691;-0.745621;-1.17205;-0.11982;0.249596;0.0509301;0.148414;-0.051691;-1.24094;0.0735498;-1.05062;-0.90263;0.154298;-0.893543;-0.858402;-0.0880399;-0.0354088;-0.173395;-1.0216;-1.00648;-1.03774;-0.787155;0.0864648;-1.11215;-0.798966;-0.943078;0.218359;-0.688656;-0.889482;0.0200048;-0.892228;0.285449;0.209971;0.255541;-0.777689;0.282588;-0.776234;-1.07539;-0.971014;-0.000654569;-0.0698768;
0.724409;-0.167354;-1.32306;-0.926056;-1.15322;-0.50433;-1.33435;-0.429122;-1.27301;-1.21638;-1.05805;-0.785296;0.300359;0.646392;0.23355;0.262935;-0.743779;-0.877426;0.236639;0.0512227;-0.772977;-0.18546;-1.22834;-1.05164;-1.27235;-0.772394;-1.15702;-0.0524319;0.324613;0.0794222;0.146801;-0.1284;-1.30078;0.0378043;-1.14757;-0.986713;0.227507;-0.859394;-0.826433;-0.0329916;-0.0822562;-0.186107;-1.10609;-1.02935;-1.09788;-0.835629;0.095329;-1.16471;-0.803318;-0.972905;0.219848;-0.682975;-0.878452;0.0262037;-0.88291;0.260621;0.218833;0.251648;-0.783339;0.284568;-0.853989;-1.12541;-1.04914;0.0467938;-0.128166;
1.12291;-0.271248;-1.3965;-0.928051;-1.22491;-0.202355;-1.41008;-0.636987;-1.27108;-1.34119;-1.18056;-0.752712;0.465736;0.788864;0.311089;0.28267;-0.737335;-0.902777;0.216119;0.044407;-0.764285;-0.300617;-1.28527;-1.13798;-1.41891;-0.871804;-1.02238;0.162281;0.534112;0.283334;0.140654;-0.214789;-1.33927;-0.0243736;-1.2639;-1.24262;0.402342;-0.742546;-0.842852;0.124172;-0.130219;-0.19134;-1.22642;-1.06081;-1.17466;-0.904216;0.116127;-1.2426;-0.819424;-1.01055;0.219516;-0.679699;-0.871244;0.0292448;-0.876883;0.23132;0.224379;0.230959;-0.80048;0.274256;-1.24865;-1.41874;-1.35625;-0.0693227;-0.0876933;
1.35691;-0.345662;-1.46696;-0.888447;-1.27783;-0.136937;-1.47918;-0.791129;-1.24806;-1.43365;-1.26315;-0.777506;0.558858;0.854093;0.328751;0.304214;-0.733054;-0.927657;0.196712;0.0364221;-0.74554;-0.398089;-1.3337;-1.23324;-1.54823;-0.960954;-0.965057;0.293493;0.663955;0.400469;0.139645;-0.281843;-1.36897;-0.096357;-1.36824;-1.44706;0.504175;-0.746312;-0.979207;0.171971;-0.156558;-0.189761;-1.33779;-1.08267;-1.24237;-0.947745;0.136226;-1.31221;-0.847718;-1.04173;0.206467;-0.680069;-0.893719;0.0175578;-0.891578;0.228596;0.223642;0.224199;-0.803263;0.26963;-1.69112;-1.71429;-1.65975;-0.230448;0.0133025;
1.50436;-0.411927;-1.52312;-0.806479;-1.31864;-0.0752953;-1.52723;-0.931192;-1.25247;-1.50796;-1.29713;-0.797573;0.608461;0.91383;0.364613;0.319526;-0.733988;-0.945562;0.177222;0.023991;-0.720501;-0.478948;-1.37642;-1.31002;-1.64572;-0.996192;-0.964569;0.351756;0.74589;0.46861;0.139086;-0.332736;-1.39226;-0.156631;-1.4498;-1.58697;0.564029;-0.774763;-1.09278;0.181639;-0.179414;-0.181245;-1.41982;-1.10187;-1.29017;-0.998427;0.167858;-1.34119;-0.890761;-1.04193;0.18806;-0.678811;-0.922759;0.00237842;-0.910587;0.231348;0.222786;0.226992;-0.801059;0.271106;-2.0535;-1.92088;-1.87468;-0.333932;0.0760929;
1.61888;-0.487335;-1.56745;-0.61964;-1.32342;0.0326309;-1.56092;-1.11161;-1.30478;-1.58957;-1.2745;-0.834783;0.615682;0.994285;0.419405;0.329472;-0.74089;-0.95804;0.150739;0.00294088;-0.688942;-0.557465;-1.41915;-1.37657;-1.73606;-0.976569;-0.996248;0.363656;0.844571;0.539944;0.133642;-0.375031;-1.41069;-0.211891;-1.52759;-1.68912;0.593301;-0.818797;-1.18671;0.167682;-0.199166;-0.168642;-1.49474;-1.11926;-1.33283;-1.0779;0.221213;-1.33038;-0.965604;-1.00586;0.167198;-0.675797;-0.954905;-0.0145852;-0.931261;0.234915;0.221706;0.232723;-0.798162;0.274486;-2.37306;-2.09273;-2.07148;-0.422652;0.110305;
1.73228;-0.573831;-1.60348;0.00560245;-1.19348;0.205198;-1.61187;-1.47023;-1.52081;-1.75116;-1.12524;-0.954766;0.51752;1.26305;0.500127;0.348803;-0.771069;-0.963465;0.0958982;-0.0337615;-0.664638;-0.643969;-1.45286;-1.41711;-1.86631;-0.894516;-1.06889;0.310633;1.12654;0.63062;0.0873529;-0.392144;-1.40414;-0.260992;-1.63869;-1.81779;0.568722;-0.899289;-1.32989;0.102538;-0.217863;-0.133764;-1.58763;-1.13264;-1.38557;-1.25938;0.37259;-1.22749;-1.13802;-0.878677;0.138938;-0.666851;-0.997618;-0.0367788;-0.958126;0.23711;0.220244;0.241316;-0.796582;0.280003;-2.72674;-2.286;-2.3728;-0.518897;0.096917;
1.78941;-0.576349;-1.65254;0.399458;-1.13484;0.147301;-1.80602;-1.78461;-1.67106;-1.93349;-1.07232;-1.01667;0.477302;1.54437;0.514821;0.380278;-0.806286;-0.968317;0.0778894;-0.0256727;-0.678581;-0.680004;-1.4526;-1.43133;-2.03176;-0.892559;-1.10492;0.307049;1.38291;0.607445;0.0302936;-0.379814;-1.3842;-0.305064;-1.79465;-1.97515;0.583321;-0.949668;-1.47423;0.0618063;-0.222684;-0.0952884;-1.71613;-1.12596;-1.47631;-1.37176;0.477369;-1.33255;-1.23097;-0.9403;0.108734;-0.656404;-1.05848;-0.0579439;-1.00212;0.238299;0.219049;0.255209;-0.796522;0.290532;-3.08196;-2.60021;-2.77431;-0.739023;0.198974;
1.81816;-0.564281;-1.68499;0.55247;-1.13127;0.0906244;-1.92763;-1.9415;-1.7171;-2.02643;-1.06956;-1.03029;0.477824;1.69475;0.5181;0.398229;-0.827338;-0.973496;0.0709581;-0.0119775;-0.685571;-0.687197;-1.45851;-1.44131;-2.13052;-0.908039;-1.10954;0.319743;1.52737;0.591477;0.00374564;-0.364534;-1.38006;-0.329154;-1.89031;-2.07372;0.599253;-0.977865;-1.56346;0.0389319;-0.234442;-0.0744507;-1.79611;-1.13111;-1.53902;-1.44848;0.533417;-1.42162;-1.29467;-1.00735;0.0849715;-0.651482;-1.10816;-0.0762195;-1.0418;0.242228;0.218617;0.27026;-0.793782;0.302862;-3.36012;-2.85217;-3.0756;-0.931968;0.326471;
1.83566;-0.5546;-1.70723;0.637767;-1.13755;0.0514242;-2.00435;-2.03709;-1.73812;-2.08357;-1.0727;-1.03622;0.481248;1.79145;0.52037;0.409937;-0.841084;-0.97733;0.0652511;-0.00169207;-0.688049;-0.690474;-1.46571;-1.44604;-2.195;-0.921306;-1.11004;0.329318;1.62258;0.583566;-0.0108464;-0.353831;-1.38055;-0.341857;-1.95274;-2.1432;0.608917;-0.998221;-1.62713;0.0219065;-0.249442;-0.062191;-1.84921;-1.14202;-1.5824;-1.51004;0.569656;-1.48159;-1.34798;-1.05475;0.0651823;-0.649301;-1.14695;-0.092504;-1.07405;0.247588;0.218912;0.283486;-0.789387;0.314072;-3.58078;-3.04663;-3.30635;-1.08647;0.442226;
1.84896;-0.546376;-1.72486;0.694803;-1.14653;0.0226923;-2.05865;-2.10537;-1.75156;-2.12466;-1.07714;-1.03815;0.485625;1.86295;0.522438;0.418853;-0.852575;-0.980151;0.0621;0.00771609;-0.688681;-0.690385;-1.47345;-1.45313;-2.24567;-0.932694;-1.10781;0.337636;1.69351;0.579137;-0.0203228;-0.343316;-1.38333;-0.354807;-2.00212;-2.19659;0.616424;-1.0146;-1.67615;0.00791086;-0.260318;-0.0527012;-1.89214;-1.15001;-1.61807;-1.55426;0.598788;-1.53212;-1.38613;-1.09562;0.0499438;-0.648065;-1.18025;-0.105212;-1.10222;0.252678;0.219477;0.295372;-0.78508;0.324308;-3.76085;-3.20835;-3.49722;-1.21794;0.542331;
1.86014;-0.539083;-1.73913;0.733939;-1.15533;0.000823908;-2.09899;-2.15651;-1.7609;-2.15541;-1.0829;-1.03732;0.490646;1.91974;0.526145;0.426057;-0.861657;-0.982746;0.058209;0.0142285;-0.688613;-0.690309;-1.4799;-1.45675;-2.2832;-0.943408;-1.10396;0.34538;1.75026;0.578306;-0.0268399;-0.335571;-1.38595;-0.362337;-2.03843;-2.24038;0.62296;-1.02554;-1.71662;-0.00150517;-0.272389;-0.0454798;-1.92341;-1.15975;-1.64454;-1.59475;0.622493;-1.56612;-1.42181;-1.12355;0.0362655;-0.647279;-1.20695;-0.116879;-1.12515;0.257846;0.220119;0.305021;-0.780575;0.332736;-3.91272;-3.33781;-3.65373;-1.32485;0.628503;
1.86807;-0.533745;-1.75089;0.768056;-1.16446;-0.019;-2.13348;-2.19908;-1.76683;-2.18149;-1.08628;-1.03818;0.493696;1.96606;0.526924;0.431985;-0.869814;-0.984351;0.0563047;0.0214717;-0.688176;-0.689171;-1.48682;-1.46194;-2.31759;-0.950842;-1.10227;0.3505;1.79666;0.57545;-0.0320676;-0.327908;-1.38956;-0.370687;-2.07178;-2.27723;0.627278;-1.03763;-1.75092;-0.0121381;-0.281763;-0.0394978;-1.95303;-1.16742;-1.67001;-1.62549;0.642021;-1.6019;-1.44911;-1.1539;0.0249232;-0.646689;-1.23254;-0.126654;-1.14735;0.262568;0.220849;0.314273;-0.776392;0.340884;-4.04822;-3.45907;-3.79681;-1.4261;0.709838;
1.87416;-0.52951;-1.76044;0.795555;-1.17283;-0.0335521;-2.15915;-2.23145;-1.77177;-2.20126;-1.08847;-1.03955;0.495685;2.00369;0.527809;0.436518;-0.876029;-0.985622;0.0541656;0.0269412;-0.686921;-0.689077;-1.49287;-1.46496;-2.34412;-0.956135;-1.10158;0.354076;1.83452;0.573757;-0.0352963;-0.322631;-1.39292;-0.376094;-2.09742;-2.30782;0.630179;-1.0472;-1.77949;-0.0207378;-0.291099;-0.0353516;-1.97595;-1.17538;-1.68986;-1.65311;0.656596;-1.62936;-1.47392;-1.17737;0.0149937;-0.646681;-1.25329;-0.135346;-1.16551;0.266894;0.221694;0.321791;-0.772501;0.347569;-4.16234;-3.55849;-3.91521;-1.51058;0.779958;
1.88033;-0.525206;-1.76922;0.817143;-1.18069;-0.0463556;-2.18157;-2.26046;-1.77654;-2.21897;-1.09197;-1.03907;0.498787;2.03755;0.52997;0.440812;-0.881692;-0.987173;0.0516452;0.0314374;-0.686081;-0.688502;-1.49784;-1.46744;-2.36752;-0.962289;-1.09935;0.358527;1.86873;0.573757;-0.038278;-0.317678;-1.39554;-0.380456;-2.11999;-2.33576;0.633628;-1.0544;-1.80562;-0.0271303;-0.300302;-0.031138;-1.99554;-1.18335;-1.7069;-1.67942;0.671008;-1.65114;-1.49778;-1.19595;0.00561252;-0.646447;-1.27189;-0.143585;-1.18185;0.271157;0.222425;0.328397;-0.768651;0.353465;-4.26679;-3.64695;-4.0227;-1.58576;0.84416;
1.88554;-0.521465;-1.77724;0.837115;-1.1886;-0.0592613;-2.20254;-2.28681;-1.77979;-2.2354;-1.09503;-1.03877;0.501344;2.06801;0.530961;0.444825;-0.88749;-0.988237;0.0503136;0.0365362;-0.685133;-0.686966;-1.50322;-1.47131;-2.39027;-0.967708;-1.09745;0.362248;1.89954;0.572756;-0.040884;-0.312066;-1.39878;-0.386095;-2.142;-2.36114;0.63668;-1.06192;-1.82939;-0.0337284;-0.307921;-0.0269911;-2.01493;-1.18984;-1.7237;-1.70125;0.684786;-1.6748;-1.51733;-1.21594;-0.00237819;-0.646155;-1.29017;-0.150581;-1.19794;0.274987;0.22312;0.334816;-0.765179;0.359202;-4.36424;-3.73116;-4.12501;-1.65766;0.903865;
1.89092;-0.517661;-1.78481;0.853712;-1.19621;-0.0698665;-2.22055;-2.31079;-1.78387;-2.25019;-1.09881;-1.03718;0.504314;2.09666;0.533093;0.448675;-0.893176;-0.989315;0.0488894;0.0410212;-0.684248;-0.68528;-1.50831;-1.4747;-2.41089;-0.973608;-1.09438;0.366238;1.92857;0.573248;-0.0431828;-0.30678;-1.40189;-0.390883;-2.16185;-2.38519;0.6401;-1.06795;-1.85197;-0.0391378;-0.315566;-0.0228021;-2.03223;-1.19646;-1.73885;-1.72228;0.698888;-1.69469;-1.53629;-1.23305;-0.009964;-0.645727;-1.30729;-0.157268;-1.21309;0.27877;0.223765;0.340788;-0.761725;0.364567;-4.45699;-3.8098;-4.2223;-1.72493;0.960302;
1.89429;-0.515097;-1.79107;0.870555;-1.20352;-0.0816342;-2.23816;-2.33169;-1.78486;-2.26359;-1.10046;-1.03815;0.505473;2.12125;0.532511;0.451759;-0.89743;-0.990011;0.0473333;0.0456216;-0.683013;-0.685225;-1.51299;-1.47611;-2.42916;-0.977114;-1.09413;0.368292;1.95359;0.571139;-0.0448087;-0.303524;-1.40478;-0.393515;-2.17947;-2.40678;0.641697;-1.07525;-1.87238;-0.0459508;-0.323785;-0.0201659;-2.0481;-1.20386;-1.7531;-1.74235;0.708516;-1.71466;-1.55481;-1.251;-0.0177586;-0.645898;-1.32309;-0.16428;-1.22731;0.282521;0.224571;0.346349;-0.758265;0.369636;-4.5441;-3.88551;-4.31244;-1.79063;1.01766;
1.89871;-0.511945;-1.79728;0.882241;-1.21032;-0.0888814;-2.25062;-2.34919;-1.78864;-2.27442;-1.10381;-1.03644;0.508094;2.14378;0.534804;0.454883;-0.902176;-0.990834;0.0463307;0.0493044;-0.681972;-0.683787;-1.51736;-1.47906;-2.44527;-0.982013;-1.09126;0.371657;1.97647;0.572331;-0.0461998;-0.299323;-1.40761;-0.397444;-2.19485;-2.42595;0.644524;-1.07953;-1.8905;-0.0499779;-0.329876;-0.0167963;-2.06139;-1.20929;-1.76511;-1.75864;0.720052;-1.72993;-1.56971;-1.26487;-0.0234924;-0.645674;-1.33675;-0.169445;-1.23966;0.285606;0.225193;0.35106;-0.755399;0.373945;-4.61904;-3.94833;-4.3911;-1.84499;1.063;
1.9016;-0.509808;-1.80232;0.893574;-1.21656;-0.0974675;-2.26336;-2.36487;-1.7898;-2.28454;-1.10563;-1.03658;0.509525;2.16272;0.534973;0.457347;-0.905432;-0.99147;0.0447632;0.0527084;-0.680935;-0.68369;-1.52106;-1.47995;-2.45917;-0.985193;-1.09049;0.373731;1.99584;0.571446;-0.0473029;-0.296923;-1.40993;-0.399041;-2.20812;-2.44299;0.645949;-1.08455;-1.90655;-0.0547035;-0.336788;-0.014768;-2.07309;-1.21546;-1.77581;-1.77513;0.727736;-1.74393;-1.58474;-1.27788;-0.0298192;-0.645922;-1.34887;-0.17513;-1.25068;0.288725;0.225895;0.355255;-0.752515;0.377794;-4.68841;-4.00705;-4.46196;-1.89617;1.10895;
1.90456;-0.507612;-1.80721;0.90387;-1.22266;-0.105351;-2.27517;-2.37968;-1.79107;-2.29403;-1.10775;-1.03641;0.511262;2.18121;0.535704;0.459752;-0.908324;-0.99222;0.0427217;0.0555819;-0.679909;-0.684182;-1.52441;-1.47975;-2.47165;-0.988574;-1.08949;0.376075;2.01481;0.571236;-0.0483106;-0.295302;-1.41195;-0.399378;-2.21994;-2.45974;0.647396;-1.08877;-1.92237;-0.058691;-0.344527;-0.0130114;-2.08336;-1.22246;-1.78519;-1.79291;0.734684;-1.75558;-1.60112;-1.28867;-0.0364166;-0.646311;-1.36011;-0.181081;-1.2609;0.29187;0.226619;0.359142;-0.749604;0.381363;-4.75594;-4.06261;-4.53018;-1.94441;1.15338;
1.90736;-0.505537;-1.8118;0.913948;-1.22846;-0.112837;-2.28626;-2.39351;-1.79223;-2.30297;-1.10969;-1.03606;0.512691;2.19855;0.536082;0.462141;-0.911835;-0.992714;0.0418703;0.0590728;-0.679037;-0.683092;-1.52815;-1.48199;-2.48492;-0.991765;-1.08825;0.378089;2.0325;0.570718;-0.0493603;-0.292134;-1.41445;-0.402242;-2.23269;-2.47529;0.648915;-1.09329;-1.93703;-0.0629382;-0.350167;-0.0106713;-2.09459;-1.22744;-1.79539;-1.80649;0.742693;-1.76957;-1.6134;-1.30143;-0.041479;-0.646285;-1.37186;-0.185575;-1.27158;0.294641;0.22724;0.363055;-0.747042;0.384962;-4.81949;-4.11703;-4.59656;-1.99217;1.19481;
